{
  "attributes": {
    "namespace": "app.mdl"
  },
  "children": [
    {
      "attributes": {
        "name": "RaspberryPi1(1ce6814d0e2f90dd)",
        "twx-entity-type": "Things",
        "twx-entity-name": "RaspberryPi1(1ce6814d0e2f90dd)"
      },
      "name": "twx-model",
      "children": [
        {
          "attributes": {
            "name": "Prop_Temperature",
            "twx-auto-refresh": "true",
            "twx-model": "app.mdl[\"RaspberryPi1(1ce6814d0e2f90dd)\"].properties[\"Prop_Temperature\"]"
          },
          "name": "twx-model-property"
        },
        {
          "attributes": {
            "name": "Prop_Humidity",
            "twx-auto-refresh": "true",
            "twx-model": "app.mdl[\"RaspberryPi1(1ce6814d0e2f90dd)\"].properties[\"Prop_Humidity\"]"
          },
          "name": "twx-model-property"
        }
      ]
    },
    {
      "attributes": {
        "id": "vumark",
        "isbound": "false",
        "isdeletable": "false",
        "name": "ThingMark",
        "value": ""
      },
      "name": "twx-app-param"
    },
    {
      "attributes": {
        "id": "template",
        "isbound": "false",
        "isdeletable": "false",
        "name": "Thing Template",
        "value": ""
      },
      "name": "twx-app-param"
    },
    {
      "attributes": {
        "id": "thing",
        "isbound": "false",
        "isdeletable": "false",
        "name": "Thing",
        "value": ""
      },
      "name": "twx-app-param"
    },
    {
      "attributes": {
        "name": "doubletap",
        "isdeletable": "false",
        "isvoicealiasable": "true"
      },
      "name": "twx-app-event"
    },
    {
      "attributes": {
        "name": "swipeleft",
        "isdeletable": "false",
        "isvoicealiasable": "true"
      },
      "name": "twx-app-event"
    },
    {
      "attributes": {
        "name": "swiperight",
        "isdeletable": "false",
        "isvoicealiasable": "true"
      },
      "name": "twx-app-event"
    },
    {
      "attributes": {
        "name": "swipeforward",
        "isdeletable": "false",
        "isvoicealiasable": "true"
      },
      "name": "twx-app-event"
    },
    {
      "attributes": {
        "name": "swipeback",
        "isdeletable": "false",
        "isvoicealiasable": "true"
      },
      "name": "twx-app-event"
    },
    {
      "attributes": {
        "name": "swipeup",
        "isdeletable": "false",
        "isvoicealiasable": "true"
      },
      "name": "twx-app-event"
    },
    {
      "attributes": {
        "name": "hold",
        "isdeletable": "false",
        "isvoicealiasable": "true"
      },
      "name": "twx-app-event"
    }
  ],
  "name": "twx-app-mdl"
}
