{
  "attributes": {
    "twx-widget": "",
    "widget-id": "view-1",
    "data-viewtype": "ar",
    "widget-name": "view-1",
    "is-widget-container": "true"
  },
  "children": [
    {
      "name": "twx-container-content",
      "children": [
        {
          "attributes": {
            "twx-widget": "",
            "widget-id": "x-46ce2cc1-2ae1-4041-b348-fdbf5ec348f0",
            "widget-name": "3D Container",
            "is-widget-container": "true"
          },
          "name": "twx-dt-view",
          "children": [
            {
              "name": "twx-container-content",
              "children": [
                {
                  "attributes": {
                    "twx-widget": "",
                    "widget-id": "thingMark-1",
                    "tracking-indicator": "true",
                    "widget-name": "thingMark-1",
                    "width": "0.081",
                    "y": "0.12",
                    "rx": "0"
                  },
                  "name": "twx-dt-target",
                  "children": [
                    {
                      "attributes": {
                        "databind-id": "db-1531956932918",
                        "source-type": "data",
                        "source-name": "vumark",
                        "source-item-type": "value",
                        "source-item-name": "vumark",
                        "binding-type": "custom_field",
                        "from-expression": "app.params['vumark']",
                        "to-property": "markerId"
                      },
                      "name": "twx-databind"
                    }
                  ]
                },
                {
                  "attributes": {
                    "twx-widget": "",
                    "widget-id": "model-1",
                    "widget-name": "model-1",
                    "click-expression": "switchErrorVisibility();",
                    "src": "Uploaded/angryPrinter.pvz",
                    "scale": "25.0000",
                    "x": "-0.1338",
                    "y": "0.2365",
                    "z": "-0.1202",
                    "rx": "0.00",
                    "ry": "0.00",
                    "rz": "0.00",
                    "visible": "false"
                  },
                  "name": "twx-dt-model",
                  "children": [
                    {
                      "attributes": {
                        "databind-id": "db-1531963551892",
                        "source-type": "data",
                        "source-name": "RaspberryPi1(1ce6814d0e2f90dd)",
                        "source-item-type": "property",
                        "source-item-name": "Prop_Temperature",
                        "binding-type": "property_field",
                        "from-expression": "app.mdl['RaspberryPi1(1ce6814d0e2f90dd)'].properties['Prop_Temperature']",
                        "to-property": "visible"
                      },
                      "name": "twx-databind"
                    }
                  ]
                },
                {
                  "attributes": {
                    "twx-widget": "",
                    "widget-id": "model-2",
                    "widget-name": "model-2",
                    "click-expression": "wakeUp();",
                    "src": "Uploaded/sleepyPrinter.pvz",
                    "scale": "25.0000",
                    "x": "-0.1361",
                    "y": "0.2281",
                    "z": "-0.0868",
                    "rx": "5.40",
                    "ry": "0.00",
                    "rz": "0.00",
                    "visible": "false"
                  },
                  "name": "twx-dt-model"
                },
                {
                  "attributes": {
                    "twx-widget": "",
                    "widget-id": "model-3",
                    "widget-name": "model-3",
                    "click-expression": "switchHelloVisibility();",
                    "src": "Uploaded/normalPrinter.pvz",
                    "scale": "25.0000",
                    "x": "-0.1286",
                    "y": "0.2295",
                    "z": "-0.0838",
                    "rx": "0.00",
                    "ry": "0.00",
                    "rz": "0.00",
                    "visible": "false"
                  },
                  "name": "twx-dt-model",
                  "children": [
                    {
                      "attributes": {
                        "databind-id": "db-1531963548040",
                        "source-type": "data",
                        "source-name": "RaspberryPi1(1ce6814d0e2f90dd)",
                        "source-item-type": "property",
                        "source-item-name": "Prop_Humidity",
                        "binding-type": "property_field",
                        "from-expression": "app.mdl['RaspberryPi1(1ce6814d0e2f90dd)'].properties['Prop_Humidity']",
                        "to-property": "visible"
                      },
                      "name": "twx-databind"
                    }
                  ]
                },
                {
                  "attributes": {
                    "twx-widget": "",
                    "widget-id": "model-4",
                    "widget-name": "model-4",
                    "click-expression": "switchIPVisibility();",
                    "src": "Uploaded/wifi.pvz",
                    "scale": "25.0000",
                    "x": "0.1240",
                    "y": "0.2600",
                    "z": "-0.12",
                    "rx": "0.00",
                    "ry": "0.00",
                    "rz": "0.00"
                  },
                  "name": "twx-dt-model"
                },
                {
                  "attributes": {
                    "twx-widget": "",
                    "widget-id": "model-5",
                    "widget-name": "model-5",
                    "click-expression": "switchPageVisibility();",
                    "src": "Uploaded/paper.pvz",
                    "scale": "25.0000",
                    "x": "0.0166",
                    "y": "-0.0409",
                    "z": "0.1052",
                    "rx": "-90.00",
                    "ry": "-12.08",
                    "rz": "0.00"
                  },
                  "name": "twx-dt-model"
                },
                {
                  "attributes": {
                    "twx-widget": "",
                    "widget-id": "model-6",
                    "widget-name": "model-6",
                    "click-expression": "switchInkVisibility();",
                    "src": "Uploaded/black_ink_100.pvz",
                    "scale": "2.0000",
                    "y": "0.20999999344348907",
                    "z": "-0.2134999930858612",
                    "rx": "-90.00",
                    "ry": "0.00",
                    "rz": "0.00"
                  },
                  "name": "twx-dt-model"
                },
                {
                  "attributes": {
                    "twx-widget": "",
                    "widget-id": "3DLabel-1",
                    "state-format-value": "text",
                    "font-color": "white",
                    "widget-name": "3DLabel-1",
                    "click-expression": "switchHelloVisibility();",
                    "text": "All's well.",
                    "scale": "0.7",
                    "x": "-0.1325",
                    "y": "0.3062",
                    "z": "-0.0918",
                    "rx": "0.00",
                    "ry": "0.00",
                    "rz": "0.00",
                    "visible": "false",
                    "billboard": "true"
                  },
                  "name": "twx-dt-label"
                },
                {
                  "attributes": {
                    "twx-widget": "",
                    "widget-id": "3DLabel-3",
                    "state-format-value": "text",
                    "font-color": "white",
                    "widget-name": "3DLabel-3",
                    "click-expression": "switchErrorVisibility();",
                    "text": "PAPER JAM!",
                    "scale": "0.7",
                    "x": "-0.1330",
                    "y": "0.3070",
                    "z": "-0.0937",
                    "rx": "0.00",
                    "ry": "0.00",
                    "rz": "0.00",
                    "visible": "false",
                    "billboard": "true"
                  },
                  "name": "twx-dt-label"
                },
                {
                  "attributes": {
                    "twx-widget": "",
                    "widget-id": "3DLabel-4",
                    "state-format-value": "text",
                    "font-color": "white",
                    "widget-name": "3DLabel-4",
                    "click-expression": "switchIPVisibility();",
                    "text": "10.250.5.75",
                    "scale": "0.7",
                    "x": "0.1274",
                    "y": "0.3206",
                    "z": "-0.0707",
                    "rx": "0.00",
                    "ry": "0.00",
                    "rz": "0.00",
                    "visible": "false",
                    "billboard": "true"
                  },
                  "name": "twx-dt-label"
                },
                {
                  "attributes": {
                    "twx-widget": "",
                    "widget-id": "3DLabel-5",
                    "state-format-value": "text",
                    "font-color": "white",
                    "widget-name": "3DLabel-5",
                    "click-expression": "switchInkVisibility();",
                    "text": "100%",
                    "scale": "0.7000",
                    "x": "0.0065",
                    "y": "0.3206",
                    "z": "-0.2314",
                    "rx": "0.00",
                    "ry": "0.00",
                    "rz": "0.00",
                    "visible": "false",
                    "billboard": "true"
                  },
                  "name": "twx-dt-label"
                },
                {
                  "attributes": {
                    "twx-widget": "",
                    "widget-id": "3DImage-1",
                    "widget-name": "3DImage-1",
                    "click-expression": "switchPageVisibility();",
                    "src": "Uploaded/pentagon.jpg",
                    "scale": "0.2000",
                    "y": "0.0849",
                    "z": "0.1400",
                    "rx": "-29.99",
                    "ry": "0.00",
                    "rz": "0.00",
                    "visible": "false"
                  },
                  "name": "twx-dt-image"
                }
              ]
            }
          ]
        },
        {
          "attributes": {
            "twx-widget": "",
            "widget-id": "2DOverlay-1",
            "widget-name": "2D Overlay",
            "is-widget-container": "true"
          },
          "name": "twx-overlay",
          "children": [
            {
              "name": "twx-container-content",
              "children": [
                {
                  "attributes": {
                    "twx-widget": "",
                    "widget-id": "panel-1",
                    "widget-name": "Top Panel",
                    "is-widget-container": "true",
                    "position": "top"
                  },
                  "name": "twx-overlay-container",
                  "children": [
                    {
                      "name": "twx-container-content"
                    }
                  ]
                },
                {
                  "attributes": {
                    "twx-widget": "",
                    "widget-id": "2DOverlayBody-1",
                    "widget-name": "2D Body",
                    "is-widget-container": "true"
                  },
                  "name": "twx-overlay-body",
                  "children": [
                    {
                      "name": "twx-container-content",
                      "children": [
                        {
                          "attributes": {
                            "twx-widget": "",
                            "widget-id": "panel-2",
                            "widget-name": "Left Panel",
                            "is-widget-container": "true",
                            "position": "left"
                          },
                          "name": "twx-overlay-container",
                          "children": [
                            {
                              "name": "twx-container-content"
                            }
                          ]
                        },
                        {
                          "attributes": {
                            "twx-widget": "",
                            "widget-id": "panel-3",
                            "widget-name": "Center Panel",
                            "is-widget-container": "true",
                            "position": "center"
                          },
                          "name": "twx-overlay-container",
                          "children": [
                            {
                              "name": "twx-container-content"
                            }
                          ]
                        },
                        {
                          "attributes": {
                            "twx-widget": "",
                            "widget-id": "panel-4",
                            "widget-name": "Right Panel",
                            "is-widget-container": "true",
                            "position": "right"
                          },
                          "name": "twx-overlay-container",
                          "children": [
                            {
                              "name": "twx-container-content"
                            }
                          ]
                        }
                      ]
                    }
                  ]
                },
                {
                  "attributes": {
                    "twx-widget": "",
                    "widget-id": "panel-5",
                    "widget-name": "Bottom Panel",
                    "is-widget-container": "true",
                    "position": "bottom"
                  },
                  "name": "twx-overlay-container",
                  "children": [
                    {
                      "name": "twx-container-content"
                    }
                  ]
                }
              ]
            }
          ]
        }
      ]
    },
    {
      "name": "twx-fragment-parameters"
    },
    {
      "name": "twx-view-data"
    }
  ],
  "name": "twx-view"
}
