{
  "attributes": {
    "twx-widget": "",
    "widget-id": "view-1",
    "data-viewtype": "ar",
    "widget-name": "view-1",
    "is-widget-container": "true"
  },
  "children": [
    {
      "name": "twx-container-content",
      "children": [
        {
          "attributes": {
            "twx-widget": "",
            "widget-id": "x-95672db8-8265-469d-9bf9-8c06102370c1",
            "widget-name": "3D Container",
            "is-widget-container": "true"
          },
          "name": "twx-dt-view",
          "children": [
            {
              "name": "twx-container-content",
              "children": [
                {
                  "attributes": {
                    "twx-widget": "",
                    "widget-id": "model-1",
                    "widget-name": "model-1",
                    "src": "Uploaded/openBook.pvz",
                    "scale": "0.4000",
                    "x": "1.0142",
                    "y": "0.2558",
                    "z": "-0.3220",
                    "rx": "-180.00",
                    "ry": "-8.88",
                    "rz": "-90.00"
                  },
                  "name": "twx-dt-model"
                },
                {
                  "attributes": {
                    "twx-widget": "",
                    "widget-id": "thingMark-1",
                    "tracking-indicator": "true",
                    "widget-name": "thingMark-1",
                    "width": "0.088",
                    "x": "0.4554",
                    "y": "-0.1095",
                    "z": "-0.3110",
                    "rx": "116.07",
                    "ry": "-89.34",
                    "rz": "154.34"
                  },
                  "name": "twx-dt-target",
                  "children": [
                    {
                      "attributes": {
                        "databind-id": "db-1531435786976",
                        "source-type": "data",
                        "source-name": "vumark",
                        "source-item-type": "value",
                        "source-item-name": "vumark",
                        "binding-type": "custom_field",
                        "from-expression": "app.params['vumark']",
                        "to-property": "markerId"
                      },
                      "name": "twx-databind"
                    }
                  ]
                },
                {
                  "attributes": {
                    "twx-widget": "",
                    "widget-id": "3DImage-2",
                    "widget-name": "3DImage-2",
                    "src": "Uploaded/ElonMuskBookCover4.jpg",
                    "scale": "0.0730",
                    "x": "0.4496",
                    "y": "0.1329",
                    "z": "-0.3354",
                    "rx": "-179.52",
                    "ry": "-42.76",
                    "rz": "90.15"
                  },
                  "name": "twx-dt-image"
                },
                {
                  "attributes": {
                    "twx-widget": "",
                    "widget-id": "3DLabel-2",
                    "state-format-value": "text",
                    "font-color": "white",
                    "widget-name": "3DLabel-2",
                    "text": "ELON MUSK",
                    "scale": "0.3000",
                    "x": "0.4606",
                    "y": "0.0629",
                    "z": "-0.3731",
                    "rx": "-171.12",
                    "ry": "-0.00",
                    "rz": "180.00"
                  },
                  "name": "twx-dt-label"
                },
                {
                  "attributes": {
                    "twx-widget": "",
                    "widget-id": "model-2",
                    "widget-name": "model-2",
                    "src": "Uploaded/cyanBook.pvz",
                    "scale": "0.4200",
                    "x": "1.0283",
                    "y": "0.2066",
                    "z": "-0.1881",
                    "rx": "-170.29",
                    "ry": "0.00",
                    "rz": "-90.00"
                  },
                  "name": "twx-dt-model"
                },
                {
                  "attributes": {
                    "twx-widget": "",
                    "widget-id": "model-4",
                    "widget-name": "model-4",
                    "src": "Uploaded/model.pvz",
                    "scale": "0.4500",
                    "x": "0.4138",
                    "y": "-0.0383",
                    "z": "-0.3456",
                    "rx": "174.78",
                    "ry": "0.00",
                    "rz": "-90.00"
                  },
                  "name": "twx-dt-model"
                },
                {
                  "attributes": {
                    "twx-widget": "",
                    "widget-id": "model-6",
                    "widget-name": "model-6",
                    "src": "Uploaded/model.pvz",
                    "scale": "0.4300",
                    "x": "0.4852",
                    "y": "-0.0913",
                    "z": "-0.2568",
                    "rx": "9.34",
                    "ry": "-0.00",
                    "rz": "-90.00"
                  },
                  "name": "twx-dt-model"
                },
                {
                  "attributes": {
                    "twx-widget": "",
                    "widget-id": "3DLabel-1",
                    "state-format-value": "text",
                    "font-color": "white",
                    "widget-name": "3DLabel-1",
                    "text": "Little Brother",
                    "scale": "0.4000",
                    "x": "0.4543",
                    "y": "0.0154",
                    "z": "-0.3718",
                    "rx": "-179.99",
                    "ry": "9.71",
                    "rz": "180.00"
                  },
                  "name": "twx-dt-label"
                },
                {
                  "attributes": {
                    "twx-widget": "",
                    "widget-id": "3DLabel-6",
                    "state-format-value": "text",
                    "font-color": "white",
                    "widget-name": "3DLabel-6",
                    "text": "Flatland",
                    "scale": "0.4000",
                    "x": "0.4655",
                    "y": "-0.0371",
                    "z": "-0.3682",
                    "rx": "180.00",
                    "ry": "-5.22",
                    "rz": "180.00"
                  },
                  "name": "twx-dt-label"
                },
                {
                  "attributes": {
                    "twx-widget": "",
                    "widget-id": "3DLabel-7",
                    "state-format-value": "text",
                    "font-color": "yellow",
                    "widget-name": "3DLabel-7",
                    "text": "HPMOR",
                    "scale": "0.5000",
                    "x": "0.4350",
                    "y": "-0.0922",
                    "z": "-0.2478",
                    "rx": "0.00",
                    "ry": "-9.34",
                    "rz": "0.00"
                  },
                  "name": "twx-dt-label"
                }
              ]
            }
          ]
        }
      ]
    },
    {
      "name": "twx-fragment-parameters"
    },
    {
      "name": "twx-view-data"
    }
  ],
  "name": "twx-view"
}
