{
  "name": "Lamp",
  "projectType": "eyewear",
  "viewType": "ar",
  "fileName": "Lamp",
  "thingworxServer": "https://1ce6814d0e2f90dd.studio-trial.vuforia.io",
  "mainNavigationMenuStyle": "noMenu",
  "device": {
    "name": "eyewear",
    "width": "1268px",
    "height": "720px"
  },
  "state": {
    "orientation": "landscape"
  },
  "version": "1.27.1171",
  "targets": {
    "phone": {
      "components": [
        {
          "name": "Home",
          "fileName": "Home",
          "showInMainMenu": true,
          "viewType": "ar",
          "title": "Home"
        }
      ],
      "images": []
    },
    "shared": {
      "components": [
        {
          "name": "Data",
          "fileName": "Data"
        }
      ],
      "images": [],
      "fragments": [],
      "styles": [
        {
          "name": "App",
          "fileName": "App",
          "fileExt": "scss"
        }
      ]
    }
  },
  "resourceDirectory": "src/phone/resources",
  "resourceRuntimeDir": "app/resources",
  "fontRuntimeDir": "../fonts",
  "fontDesigntimeDir": "../dist/fonts",
  "theme": "twx-light",
  "description": "hueShader",
  "allowSelfSignedCerts": true
}
