{
  "attributes": {
    "twx-widget": "",
    "widget-id": "view-1",
    "data-viewtype": "ar",
    "widget-name": "view-1",
    "is-widget-container": "true"
  },
  "children": [
    {
      "name": "twx-container-content",
      "children": [
        {
          "attributes": {
            "twx-widget": "",
            "widget-id": "x-3c516f2a-0485-4caa-97cb-e7e13bbd7a74",
            "widget-name": "3D Container",
            "is-widget-container": "true"
          },
          "name": "twx-dt-view",
          "children": [
            {
              "name": "twx-container-content",
              "children": [
                {
                  "attributes": {
                    "twx-widget": "",
                    "widget-id": "thingMark-1",
                    "tracking-indicator": "true",
                    "widget-name": "thingMark-1",
                    "width": "0.12",
                    "x": "0.0000",
                    "y": "0.0000",
                    "z": "0.0000",
                    "rx": "90.00",
                    "ry": "0.00",
                    "rz": "0.00"
                  },
                  "name": "twx-dt-target",
                  "children": [
                    {
                      "attributes": {
                        "databind-id": "db-1531964472013",
                        "source-type": "data",
                        "source-name": "vumark",
                        "source-item-type": "value",
                        "source-item-name": "vumark",
                        "binding-type": "custom_field",
                        "from-expression": "app.params['vumark']",
                        "to-property": "markerId"
                      },
                      "name": "twx-databind"
                    }
                  ]
                },
                {
                  "attributes": {
                    "twx-widget": "",
                    "widget-id": "model-1",
                    "widget-name": "model-1",
                    "click-expression": "lamp_cyan();",
                    "src": "Uploaded/lightBulbYellow.pvz",
                    "scale": "25.0000",
                    "x": "0.0005",
                    "y": "0.0820",
                    "z": "0.2293",
                    "rx": "180.00",
                    "ry": "0.00",
                    "rz": "0.00"
                  },
                  "name": "twx-dt-model"
                },
                {
                  "attributes": {
                    "twx-widget": "",
                    "widget-id": "model-2",
                    "widget-name": "model-2",
                    "click-expression": "lamp_red();",
                    "src": "Uploaded/lightBulbYBlack.pvz",
                    "scale": "25.0000",
                    "x": "-0.1449",
                    "y": "0.0764",
                    "z": "-0.0335",
                    "rx": "180.00",
                    "ry": "0.00",
                    "rz": "0.00"
                  },
                  "name": "twx-dt-model"
                },
                {
                  "attributes": {
                    "twx-widget": "",
                    "widget-id": "model-3",
                    "widget-name": "model-3",
                    "click-expression": "lamp_purple();",
                    "src": "Uploaded/lightBulbPurple.pvz",
                    "scale": "25.0000",
                    "x": "0.1362",
                    "y": "0.0798",
                    "z": "-0.0406",
                    "rx": "180.00",
                    "ry": "0.00",
                    "rz": "0.00"
                  },
                  "name": "twx-dt-model"
                }
              ]
            }
          ]
        },
        {
          "attributes": {
            "twx-widget": "",
            "widget-id": "2DOverlay-1",
            "widget-name": "2D Overlay",
            "is-widget-container": "true"
          },
          "name": "twx-overlay",
          "children": [
            {
              "name": "twx-container-content",
              "children": [
                {
                  "attributes": {
                    "twx-widget": "",
                    "widget-id": "panel-1",
                    "widget-name": "Top Panel",
                    "is-widget-container": "true",
                    "position": "top"
                  },
                  "name": "twx-overlay-container",
                  "children": [
                    {
                      "name": "twx-container-content"
                    }
                  ]
                },
                {
                  "attributes": {
                    "twx-widget": "",
                    "widget-id": "2DOverlayBody-1",
                    "widget-name": "2D Body",
                    "is-widget-container": "true"
                  },
                  "name": "twx-overlay-body",
                  "children": [
                    {
                      "name": "twx-container-content",
                      "children": [
                        {
                          "attributes": {
                            "twx-widget": "",
                            "widget-id": "panel-2",
                            "widget-name": "Left Panel",
                            "is-widget-container": "true",
                            "position": "left"
                          },
                          "name": "twx-overlay-container",
                          "children": [
                            {
                              "name": "twx-container-content"
                            }
                          ]
                        },
                        {
                          "attributes": {
                            "twx-widget": "",
                            "widget-id": "panel-3",
                            "widget-name": "Center Panel",
                            "is-widget-container": "true",
                            "position": "center"
                          },
                          "name": "twx-overlay-container",
                          "children": [
                            {
                              "name": "twx-container-content"
                            }
                          ]
                        },
                        {
                          "attributes": {
                            "twx-widget": "",
                            "widget-id": "panel-4",
                            "widget-name": "Right Panel",
                            "is-widget-container": "true",
                            "position": "right"
                          },
                          "name": "twx-overlay-container",
                          "children": [
                            {
                              "name": "twx-container-content"
                            }
                          ]
                        }
                      ]
                    }
                  ]
                },
                {
                  "attributes": {
                    "twx-widget": "",
                    "widget-id": "panel-5",
                    "widget-name": "Bottom Panel",
                    "is-widget-container": "true",
                    "position": "bottom"
                  },
                  "name": "twx-overlay-container",
                  "children": [
                    {
                      "name": "twx-container-content"
                    }
                  ]
                }
              ]
            }
          ]
        }
      ]
    },
    {
      "name": "twx-fragment-parameters"
    },
    {
      "name": "twx-view-data"
    }
  ],
  "name": "twx-view"
}
