{
  "attributes": {
    "twx-widget": "",
    "widget-id": "view-1",
    "data-viewtype": "ar",
    "widget-name": "view-1",
    "is-widget-container": "true"
  },
  "children": [
    {
      "name": "twx-container-content",
      "children": [
        {
          "attributes": {
            "twx-widget": "",
            "widget-id": "x-2b2547cb-aed4-4e64-b7f1-a997013ad941",
            "widget-name": "3D Container",
            "is-widget-container": "true"
          },
          "name": "twx-dt-view",
          "children": [
            {
              "name": "twx-container-content",
              "children": [
                {
                  "attributes": {
                    "twx-widget": "",
                    "widget-id": "model-1",
                    "widget-name": "pause",
                    "click-expression": "pause();",
                    "src": "Uploaded/pause.pvz",
                    "scale": "15.0000",
                    "x": "0.2257",
                    "y": "0.1040",
                    "z": "-0.0483",
                    "rx": "0.00",
                    "ry": "0.00",
                    "rz": "0.00",
                    "visible": "false"
                  },
                  "name": "twx-dt-model"
                },
                {
                  "attributes": {
                    "twx-widget": "",
                    "widget-id": "model-2",
                    "widget-name": "disconnect_phone",
                    "click-expression": "disconnect('phone')",
                    "src": "Uploaded/connected_new_scissor_Low.pvz",
                    "scale": "75.0000",
                    "x": "-0.09223947674036026",
                    "y": "0.06853969395160675",
                    "z": "-0.30128973722457886",
                    "rx": "0.00",
                    "ry": "0.00",
                    "rz": "0.00",
                    "visible": "false"
                  },
                  "name": "twx-dt-model"
                },
                {
                  "attributes": {
                    "twx-widget": "",
                    "widget-id": "model-3",
                    "widget-name": "connect_phone",
                    "click-expression": "connect('phone')",
                    "src": "Uploaded/disconnected.pvz",
                    "scale": "75.0000",
                    "x": "-0.0931",
                    "y": "0.0678",
                    "z": "-0.2996",
                    "rx": "0.00",
                    "ry": "0.00",
                    "rz": "0.00"
                  },
                  "name": "twx-dt-model"
                },
                {
                  "attributes": {
                    "twx-widget": "",
                    "widget-id": "model-4",
                    "widget-name": "play",
                    "click-expression": "play();",
                    "src": "Uploaded/play.pvz",
                    "scale": "15.0000",
                    "x": "0.2261",
                    "y": "0.1051",
                    "z": "-0.0472",
                    "rx": "0.00",
                    "ry": "0.00",
                    "rz": "0.00",
                    "visible": "false"
                  },
                  "name": "twx-dt-model"
                },
                {
                  "attributes": {
                    "twx-widget": "",
                    "widget-id": "model-5",
                    "widget-name": "connect_laptop",
                    "click-expression": "connect('laptop')",
                    "src": "Uploaded/disconnected.pvz",
                    "scale": "75.0000",
                    "x": "0.4332",
                    "y": "0.0799",
                    "z": "-0.2940",
                    "rx": "0.00",
                    "ry": "0.00",
                    "rz": "0.00"
                  },
                  "name": "twx-dt-model"
                },
                {
                  "attributes": {
                    "twx-widget": "",
                    "widget-id": "model-6",
                    "widget-name": "disconnect_laptop",
                    "click-expression": "disconnect('laptop');",
                    "src": "Uploaded/connected_new_scissor_Low.pvz",
                    "scale": "75.0000",
                    "x": "0.4319002032279968",
                    "y": "0.08018244057893753",
                    "z": "-0.2938879430294037",
                    "rx": "0.00",
                    "ry": "0.00",
                    "rz": "0.00",
                    "visible": "false"
                  },
                  "name": "twx-dt-model"
                },
                {
                  "attributes": {
                    "twx-widget": "",
                    "widget-id": "thingMark-1",
                    "tracking-indicator": "true",
                    "widget-name": "thingMark-1",
                    "width": "0.081",
                    "x": "0.2241",
                    "y": "0.0402",
                    "z": "0.0049",
                    "rx": "0.00",
                    "ry": "0.00",
                    "rz": "0.00"
                  },
                  "name": "twx-dt-target",
                  "children": [
                    {
                      "attributes": {
                        "databind-id": "db-1531933058120",
                        "source-type": "data",
                        "source-name": "vumark",
                        "source-item-type": "value",
                        "source-item-name": "vumark",
                        "binding-type": "custom_field",
                        "from-expression": "app.params['vumark']",
                        "to-property": "markerId"
                      },
                      "name": "twx-databind"
                    }
                  ]
                }
              ]
            }
          ]
        }
      ]
    },
    {
      "name": "twx-fragment-parameters"
    },
    {
      "name": "twx-view-data"
    }
  ],
  "name": "twx-view"
}
