{
  "attributes": {
    "twx-widget": "",
    "widget-id": "view-1",
    "data-viewtype": "ar",
    "widget-name": "view-1",
    "is-widget-container": "true"
  },
  "children": [
    {
      "name": "twx-container-content",
      "children": [
        {
          "attributes": {
            "twx-widget": "",
            "widget-id": "x-2cc8b342-0cfd-45ad-9737-1114e844314d",
            "widget-name": "3D Container",
            "is-widget-container": "true"
          },
          "name": "twx-dt-view",
          "children": [
            {
              "name": "twx-container-content",
              "children": [
                {
                  "attributes": {
                    "twx-widget": "",
                    "widget-id": "model-1",
                    "widget-name": "pikachu-bloated",
                    "click-expression": "switchErrorVisibility();",
                    "src": "Uploaded/model.pvz",
                    "scale": "0.1500",
                    "x": "-1.1124",
                    "y": "0.0761",
                    "z": "1.0131",
                    "rx": "0.00",
                    "ry": "0.00",
                    "rz": "0.00",
                    "opacity": "0"
                  },
                  "name": "twx-dt-model",
                  "children": [
                    {
                      "attributes": {
                        "databind-id": "db-1531447693165",
                        "source-type": "data",
                        "source-name": "RaspberryPi1(1ce6814d0e2f90dd)",
                        "source-item-type": "property",
                        "source-item-name": "Prop_Temperature",
                        "binding-type": "property_field",
                        "from-expression": "app.mdl['RaspberryPi1(1ce6814d0e2f90dd)'].properties['Prop_Temperature']",
                        "to-property": "opacity"
                      },
                      "name": "twx-databind"
                    }
                  ]
                },
                {
                  "attributes": {
                    "twx-widget": "",
                    "widget-id": "model-2",
                    "widget-name": "pikachu-normal",
                    "click-expression": "switchErrorVisibility();",
                    "src": "Uploaded/pikachu.pvz",
                    "scale": "0.2000",
                    "x": "-1.1392",
                    "y": "-0.2957",
                    "z": "0.9809",
                    "rx": "0.00",
                    "ry": "0.00",
                    "rz": "0.00"
                  },
                  "name": "twx-dt-model",
                  "children": [
                    {
                      "attributes": {
                        "databind-id": "db-1531447703454",
                        "source-type": "data",
                        "source-name": "RaspberryPi1(1ce6814d0e2f90dd)",
                        "source-item-type": "property",
                        "source-item-name": "Prop_Humidity",
                        "binding-type": "property_field",
                        "from-expression": "app.mdl['RaspberryPi1(1ce6814d0e2f90dd)'].properties['Prop_Humidity']",
                        "to-property": "opacity"
                      },
                      "name": "twx-databind"
                    }
                  ]
                },
                {
                  "attributes": {
                    "twx-widget": "",
                    "widget-id": "thingMark-1",
                    "tracking-indicator": "true",
                    "widget-name": "thingMark-1",
                    "width": "0.081",
                    "x": "-1.2386",
                    "y": "-0.0243",
                    "z": "0.8874",
                    "rx": "-180.00",
                    "ry": "-0.00",
                    "rz": "-180.00"
                  },
                  "name": "twx-dt-target",
                  "children": [
                    {
                      "attributes": {
                        "databind-id": "db-1531446523618",
                        "source-type": "data",
                        "source-name": "vumark",
                        "source-item-type": "value",
                        "source-item-name": "vumark",
                        "binding-type": "custom_field",
                        "from-expression": "app.params['vumark']",
                        "to-property": "markerId"
                      },
                      "name": "twx-databind"
                    }
                  ]
                },
                {
                  "attributes": {
                    "twx-widget": "",
                    "widget-id": "model-3",
                    "widget-name": "ink3",
                    "click-expression": "switchInkVisibility();",
                    "src": "Uploaded/yellowBottle.pvz",
                    "scale": "1.0000",
                    "x": "-1.3489",
                    "y": "0.0293",
                    "z": "1.0166",
                    "rx": "-90.00",
                    "ry": "0.00",
                    "rz": "0.00"
                  },
                  "name": "twx-dt-model"
                },
                {
                  "attributes": {
                    "twx-widget": "",
                    "widget-id": "model-4",
                    "widget-name": "ink4",
                    "click-expression": "switchInkVisibility();",
                    "src": "Uploaded/grayBottle.pvz",
                    "scale": "1.0000",
                    "x": "-1.3752",
                    "y": "0.0294",
                    "z": "1.0153",
                    "rx": "-90.00",
                    "ry": "0.00",
                    "rz": "0.00"
                  },
                  "name": "twx-dt-model"
                },
                {
                  "attributes": {
                    "twx-widget": "",
                    "widget-id": "model-5",
                    "widget-name": "ink1",
                    "click-expression": "switchInkVisibility();",
                    "src": "Uploaded/cyanBottle.pvz",
                    "scale": "1.0000",
                    "x": "-1.2966",
                    "y": "0.0299",
                    "z": "1.0201",
                    "rx": "-90.00",
                    "ry": "0.00",
                    "rz": "0.00"
                  },
                  "name": "twx-dt-model"
                },
                {
                  "attributes": {
                    "twx-widget": "",
                    "widget-id": "model-6",
                    "widget-name": "ink2",
                    "click-expression": "switchInkVisibility();",
                    "src": "Uploaded/magentaBottle.pvz",
                    "scale": "1.0000",
                    "x": "-1.3224",
                    "y": "0.0297",
                    "z": "1.0180",
                    "rx": "-90.00",
                    "ry": "0.00",
                    "rz": "0.00"
                  },
                  "name": "twx-dt-model"
                },
                {
                  "attributes": {
                    "twx-widget": "",
                    "widget-id": "3DLabel-1",
                    "state-format-value": "text",
                    "font-color": "White",
                    "widget-name": "ip address",
                    "click-expression": "switchIPVisibility();",
                    "text": "10.53.23.101",
                    "scale": "1.0000",
                    "x": "-1.3108",
                    "y": "0.2054",
                    "z": "1.0252",
                    "rx": "0.00",
                    "ry": "0.00",
                    "rz": "0.00",
                    "visible": "false",
                    "billboard": "true"
                  },
                  "name": "twx-dt-label"
                },
                {
                  "attributes": {
                    "twx-widget": "",
                    "widget-id": "model-7",
                    "widget-name": "printed page button",
                    "click-expression": "switchPageVisibility();",
                    "src": "Uploaded/page (1).pvz",
                    "scale": "1.0000",
                    "x": "-1.2067",
                    "y": "-0.2105",
                    "z": "0.7620",
                    "rx": "150.00",
                    "ry": "-0.00",
                    "rz": "180.00"
                  },
                  "name": "twx-dt-model"
                },
                {
                  "attributes": {
                    "twx-widget": "",
                    "widget-id": "3DImage-1",
                    "widget-name": "printed_page",
                    "click-expression": "switchPageVisibility();",
                    "src": "Uploaded/whyDontPenguinsFeetFreeze.jpg",
                    "scale": "0.2000",
                    "x": "-1.2365",
                    "y": "-0.1192",
                    "z": "0.7385",
                    "rx": "150.01",
                    "ry": "-0.00",
                    "rz": "-180.00",
                    "visible": "false"
                  },
                  "name": "twx-dt-image"
                },
                {
                  "attributes": {
                    "twx-widget": "",
                    "widget-id": "3DLabel-2",
                    "state-format-value": "text",
                    "font-color": "white",
                    "widget-name": "ink_levels",
                    "text": "33%  50%  75%  25%",
                    "scale": "0.2250",
                    "x": "-1.3375",
                    "y": "0.0802",
                    "z": "1.0206",
                    "rx": "180.00",
                    "ry": "0.00",
                    "rz": "-180.00",
                    "visible": "false"
                  },
                  "name": "twx-dt-label"
                },
                {
                  "attributes": {
                    "twx-widget": "",
                    "widget-id": "3DLabel-3",
                    "state-format-value": "text",
                    "font-color": "green",
                    "widget-name": "online",
                    "click-expression": "switchIPVisibility();",
                    "text": "online",
                    "scale": "1.0000",
                    "x": "-1.3765",
                    "y": "0.1448",
                    "z": "1.0288",
                    "rx": "0.00",
                    "ry": "0.00",
                    "rz": "0.00",
                    "billboard": "true"
                  },
                  "name": "twx-dt-label"
                },
                {
                  "attributes": {
                    "twx-widget": "",
                    "widget-id": "3DLabel-4",
                    "state-format-value": "text",
                    "font-family": "",
                    "font-color": "white",
                    "widget-name": "error diagnostice",
                    "click-expression": "switchErrorVisibility();",
                    "text": "Error diagnostics",
                    "scale": "0.5000",
                    "x": "-1.1093",
                    "y": "0.1438",
                    "z": "1.0755",
                    "rx": "0.00",
                    "ry": "0.00",
                    "rz": "0.00",
                    "visible": "false",
                    "billboard": "true"
                  },
                  "name": "twx-dt-label"
                },
                {
                  "attributes": {
                    "twx-widget": "",
                    "widget-id": "model-8",
                    "widget-name": "lamp_yellow",
                    "click-expression": "lamp_cyan();",
                    "src": "Uploaded/lightBulbYellow.pvz",
                    "scale": "25.0000",
                    "x": "-1.15",
                    "y": "1.7",
                    "z": "1.5",
                    "rx": "180",
                    "ry": "0.00",
                    "rz": "0.00"
                  },
                  "name": "twx-dt-model"
                },
                {
                  "attributes": {
                    "twx-widget": "",
                    "widget-id": "model-9",
                    "widget-name": "lamp_red",
                    "click-expression": "lamp_red();",
                    "src": "Uploaded/lightBulbYBlack.pvz",
                    "scale": "25.0000",
                    "x": "-1.3",
                    "y": "1.7",
                    "z": "1.2",
                    "rx": "180",
                    "ry": "0.00"
                  },
                  "name": "twx-dt-model"
                },
                {
                  "attributes": {
                    "twx-widget": "",
                    "widget-id": "model-10",
                    "widget-name": "lamp_purple",
                    "click-expression": "lamp_purple();",
                    "src": "Uploaded/lightBulbPurple.pvz",
                    "scale": "25.0000",
                    "x": "-1",
                    "y": "1.7",
                    "z": "1.2",
                    "rx": "180",
                    "ry": "0.00",
                    "rz": "0.00"
                  },
                  "name": "twx-dt-model"
                }
              ]
            }
          ]
        }
      ]
    },
    {
      "name": "twx-fragment-parameters"
    },
    {
      "name": "twx-view-data"
    }
  ],
  "name": "twx-view"
}
