{
  "attributes": {
    "twx-widget": "",
    "widget-id": "view-1",
    "data-viewtype": "ar",
    "widget-name": "view-1",
    "is-widget-container": "true"
  },
  "children": [
    {
      "name": "twx-container-content",
      "children": [
        {
          "attributes": {
            "twx-widget": "",
            "widget-id": "x-d47e0430-8d6f-432b-9451-4584fb5c7c0f",
            "widget-name": "3D Container",
            "is-widget-container": "true"
          },
          "name": "twx-dt-view",
          "children": [
            {
              "name": "twx-container-content",
              "children": [
                {
                  "attributes": {
                    "twx-widget": "",
                    "widget-id": "model-1",
                    "widget-name": "lamp_red",
                    "click-expression": "lamp_red()",
                    "src": "Uploaded/lamp_df7251.pvz",
                    "y": "0.06350000202655792"
                  },
                  "name": "twx-dt-model"
                },
                {
                  "attributes": {
                    "twx-widget": "",
                    "widget-id": "model-2",
                    "widget-name": "lamp_purple",
                    "click-expression": "lamp_purple();",
                    "src": "Uploaded/lamp_c38bcd.pvz",
                    "x": "-0.22370000183582306",
                    "y": "0.06350000202655792",
                    "z": "0.24530000239610672"
                  },
                  "name": "twx-dt-model"
                },
                {
                  "attributes": {
                    "twx-widget": "",
                    "widget-id": "model-3",
                    "widget-name": "lamp_cyan",
                    "click-expression": "lamp_cyan();",
                    "src": "Uploaded/lamp_ffc10e.pvz",
                    "scale": "1.0000",
                    "x": "0.0906",
                    "y": "0.0635",
                    "z": "0.3372",
                    "rx": "0.00",
                    "ry": "0.00",
                    "rz": "0.00"
                  },
                  "name": "twx-dt-model"
                }
              ]
            }
          ]
        }
      ]
    },
    {
      "name": "twx-fragment-parameters"
    },
    {
      "name": "twx-view-data"
    }
  ],
  "name": "twx-view"
}
