{
  "attributes": {
    "twx-widget": "",
    "widget-id": "view-1",
    "data-viewtype": "ar",
    "widget-name": "view-1",
    "is-widget-container": "true"
  },
  "children": [
    {
      "name": "twx-container-content",
      "children": [
        {
          "attributes": {
            "twx-widget": "",
            "widget-id": "x-dd1e48a7-204c-45df-9894-fed2a6a9ade7",
            "widget-name": "3D Container",
            "is-widget-container": "true"
          },
          "name": "twx-dt-view",
          "children": [
            {
              "name": "twx-container-content",
              "children": [
                {
                  "attributes": {
                    "twx-widget": "",
                    "widget-id": "model-1",
                    "widget-name": "model-1",
                    "src": "Uploaded/WaterBottle_03_Low.pvz",
                    "scale": "125.0000",
                    "x": "-0.1153",
                    "y": "-0.0136",
                    "z": "-0.1234",
                    "rx": "0.00",
                    "ry": "0.00",
                    "rz": "0.00"
                  },
                  "name": "twx-dt-model"
                },
                {
                  "attributes": {
                    "twx-widget": "",
                    "widget-id": "thingMark-2",
                    "tracking-indicator": "true",
                    "widget-name": "thingMark-2",
                    "width": "0.081",
                    "x": "0.0381",
                    "y": "-0.0000",
                    "z": "0.1186",
                    "rx": "90.00",
                    "ry": "90.00",
                    "rz": "180.00"
                  },
                  "name": "twx-dt-target",
                  "children": [
                    {
                      "attributes": {
                        "databind-id": "db-1531936236865",
                        "source-type": "data",
                        "source-name": "vumark",
                        "source-item-type": "value",
                        "source-item-name": "vumark",
                        "binding-type": "custom_field",
                        "from-expression": "app.params['vumark']",
                        "to-property": "markerId"
                      },
                      "name": "twx-databind"
                    }
                  ]
                }
              ]
            }
          ]
        }
      ]
    },
    {
      "name": "twx-fragment-parameters"
    },
    {
      "name": "twx-view-data"
    }
  ],
  "name": "twx-view"
}
