{
  "attributes": {
    "twx-widget": "",
    "widget-id": "view-1",
    "data-viewtype": "ar",
    "widget-name": "view-1",
    "is-widget-container": "true"
  },
  "children": [
    {
      "name": "twx-container-content",
      "children": [
        {
          "attributes": {
            "twx-widget": "",
            "widget-id": "x-3db13ffb-03eb-4b54-be58-9ea742d78ec3",
            "widget-name": "3D Container",
            "is-widget-container": "true"
          },
          "name": "twx-dt-view",
          "children": [
            {
              "name": "twx-container-content",
              "children": [
                {
                  "attributes": {
                    "twx-widget": "",
                    "widget-id": "thingMark-1",
                    "tracking-indicator": "true",
                    "widget-name": "thingMark-1",
                    "width": "0.085",
                    "x": "-0.0119",
                    "y": "0.0000",
                    "z": "0.0000",
                    "rx": "-90.00",
                    "ry": "-0.00",
                    "rz": "-0.00"
                  },
                  "name": "twx-dt-target",
                  "children": [
                    {
                      "attributes": {
                        "databind-id": "db-1531954647565",
                        "source-type": "data",
                        "source-name": "vumark",
                        "source-item-type": "value",
                        "source-item-name": "vumark",
                        "binding-type": "custom_field",
                        "from-expression": "app.params['vumark']",
                        "to-property": "markerId"
                      },
                      "name": "twx-databind"
                    }
                  ]
                },
                {
                  "attributes": {
                    "twx-widget": "",
                    "widget-id": "model-1",
                    "widget-name": "model-1",
                    "src": "Uploaded/cyanBook.pvz",
                    "scale": "0.4500",
                    "x": "-0.0279",
                    "y": "0.2234",
                    "z": "0.6395",
                    "rx": "-90.00",
                    "ry": "0.00",
                    "rz": "-90.00"
                  },
                  "name": "twx-dt-model"
                },
                {
                  "attributes": {
                    "twx-widget": "",
                    "widget-id": "3DLabel-1",
                    "state-format-value": "text",
                    "font-color": "white",
                    "widget-name": "3DLabel-1",
                    "text": "HPMOR",
                    "scale": "0.3000",
                    "x": "0.0644",
                    "y": "0.0191",
                    "z": "-0.0002",
                    "rx": "0.00",
                    "ry": "90.00",
                    "rz": "0.00"
                  },
                  "name": "twx-dt-label"
                },
                {
                  "attributes": {
                    "twx-widget": "",
                    "widget-id": "model-2",
                    "widget-name": "model-2",
                    "src": "Uploaded/model.pvz",
                    "scale": "0.44",
                    "x": "-0.0514",
                    "y": "0.0708",
                    "z": "-0.0271",
                    "rx": "-81.80",
                    "ry": "-0.00",
                    "rz": "90.00"
                  },
                  "name": "twx-dt-model"
                },
                {
                  "attributes": {
                    "twx-widget": "",
                    "widget-id": "3DLabel-2",
                    "state-format-value": "text",
                    "font-color": "white",
                    "widget-name": "3DLabel-2",
                    "text": "Flatland",
                    "scale": "0.3000",
                    "x": "-0.0702",
                    "y": "0.0699",
                    "z": "0.0156",
                    "rx": "0.00",
                    "ry": "-81.80",
                    "rz": "0.00"
                  },
                  "name": "twx-dt-label"
                },
                {
                  "attributes": {
                    "twx-widget": "",
                    "widget-id": "model-3",
                    "widget-name": "model-3",
                    "src": "Uploaded/model.pvz",
                    "scale": "0.4500",
                    "x": "-0.0605",
                    "y": "0.1235",
                    "z": "0.0425",
                    "rx": "105.47",
                    "ry": "0.00",
                    "rz": "-90.00"
                  },
                  "name": "twx-dt-model"
                },
                {
                  "attributes": {
                    "twx-widget": "",
                    "widget-id": "3DLabel-3",
                    "state-format-value": "text",
                    "font-color": "white",
                    "widget-name": "3DLabel-3",
                    "text": "Little Brother",
                    "scale": "0.3000",
                    "x": "-0.0659",
                    "y": "0.1263",
                    "z": "-0.0047",
                    "rx": "-180.00",
                    "ry": "-74.53",
                    "rz": "180.00"
                  },
                  "name": "twx-dt-label"
                },
                {
                  "attributes": {
                    "twx-widget": "",
                    "widget-id": "model-4",
                    "widget-name": "model-4",
                    "src": "Uploaded/openBook.pvz",
                    "scale": "0.4300",
                    "x": "-0.0220",
                    "y": "0.3805",
                    "z": "-0.6061",
                    "rx": "90.00",
                    "ry": "-0.00",
                    "rz": "-81.21"
                  },
                  "name": "twx-dt-model"
                },
                {
                  "attributes": {
                    "twx-widget": "",
                    "widget-id": "3DLabel-4",
                    "state-format-value": "text",
                    "font-color": "white",
                    "widget-name": "3DLabel-4",
                    "text": "ELON MUSK",
                    "scale": "0.3000",
                    "x": "-0.0773",
                    "y": "0.1739",
                    "z": "0.0002",
                    "rx": "0.00",
                    "ry": "-90.00",
                    "rz": "8.79"
                  },
                  "name": "twx-dt-label"
                },
                {
                  "attributes": {
                    "twx-widget": "",
                    "widget-id": "3DImage-1",
                    "widget-name": "3DImage-1",
                    "src": "Uploaded/ElonMuskBookCover4.jpg",
                    "scale": "0.0780",
                    "x": "-0.0378",
                    "y": "0.2471",
                    "z": "-0.0009",
                    "rx": "-89.42",
                    "ry": "0.33",
                    "rz": "47.15"
                  },
                  "name": "twx-dt-image"
                }
              ]
            }
          ]
        },
        {
          "attributes": {
            "twx-widget": "",
            "widget-id": "2DOverlay-1",
            "widget-name": "2D Overlay",
            "is-widget-container": "true"
          },
          "name": "twx-overlay",
          "children": [
            {
              "name": "twx-container-content",
              "children": [
                {
                  "attributes": {
                    "twx-widget": "",
                    "widget-id": "panel-1",
                    "widget-name": "Top Panel",
                    "is-widget-container": "true",
                    "position": "top"
                  },
                  "name": "twx-overlay-container",
                  "children": [
                    {
                      "name": "twx-container-content"
                    }
                  ]
                },
                {
                  "attributes": {
                    "twx-widget": "",
                    "widget-id": "2DOverlayBody-1",
                    "widget-name": "2D Body",
                    "is-widget-container": "true"
                  },
                  "name": "twx-overlay-body",
                  "children": [
                    {
                      "name": "twx-container-content",
                      "children": [
                        {
                          "attributes": {
                            "twx-widget": "",
                            "widget-id": "panel-2",
                            "widget-name": "Left Panel",
                            "is-widget-container": "true",
                            "position": "left"
                          },
                          "name": "twx-overlay-container",
                          "children": [
                            {
                              "name": "twx-container-content"
                            }
                          ]
                        },
                        {
                          "attributes": {
                            "twx-widget": "",
                            "widget-id": "panel-3",
                            "widget-name": "Center Panel",
                            "is-widget-container": "true",
                            "position": "center"
                          },
                          "name": "twx-overlay-container",
                          "children": [
                            {
                              "name": "twx-container-content"
                            }
                          ]
                        },
                        {
                          "attributes": {
                            "twx-widget": "",
                            "widget-id": "panel-4",
                            "widget-name": "Right Panel",
                            "is-widget-container": "true",
                            "position": "right"
                          },
                          "name": "twx-overlay-container",
                          "children": [
                            {
                              "name": "twx-container-content"
                            }
                          ]
                        }
                      ]
                    }
                  ]
                },
                {
                  "attributes": {
                    "twx-widget": "",
                    "widget-id": "panel-5",
                    "widget-name": "Bottom Panel",
                    "is-widget-container": "true",
                    "position": "bottom"
                  },
                  "name": "twx-overlay-container",
                  "children": [
                    {
                      "name": "twx-container-content"
                    }
                  ]
                }
              ]
            }
          ]
        }
      ]
    },
    {
      "name": "twx-fragment-parameters"
    },
    {
      "name": "twx-view-data"
    }
  ],
  "name": "twx-view"
}
